{"cameraMode":{"drawMode":0,"name":"Shaded","section":"Shading Mode"},"sceneLighting":true,"audioPlay":false,"sceneViewState":{"m_AlwaysRefresh":false,"showFog":true,"showSkybox":true,"showFlares":true,"showImageEffects":true,"showParticleSystems":true,"showVisualEffectGraphs":true,"m_FxEnabled":true},"in2DMode":false,"pivot":{"x":0.20048168301582337,"y":0.8790590167045593,"z":-0.329801470041275},"rotation":{"x":0.0230216346681118,"y":0.7320911288261414,"z":-0.024771323427557946,"w":0.6803692579269409},"size":2.490701198577881,"orthographic":false}