{"cameraMode":{"drawMode":0,"name":"Shaded","section":"Shading Mode"},"sceneLighting":false,"audioPlay":false,"sceneViewState":{"m_AlwaysRefresh":false,"showFog":true,"showSkybox":false,"showFlares":true,"showImageEffects":true,"showParticleSystems":true,"showVisualEffectGraphs":true,"m_FxEnabled":true},"in2DMode":false,"pivot":{"x":0.0029392242431640627,"y":5.231842517852783,"z":-0.0026531219482421877},"rotation":{"x":-0.08725904673337937,"y":0.9125897884368897,"z":-0.27363061904907229,"w":-0.2910192608833313},"size":26.17310333251953,"orthographic":false}